REF_DATE,GEO,Output and input components,SCALAR_FACTOR,VALUE,STATUS
1997,Canada,Gross output,thousands,511300,
1997,Canada,Total operating revenue,thousands,461400,
1997,Canada,Sales of aqua products and services,thousands,447300,
1997,Canada,Gross value added (factor cost),thousands,185970,
1997,Canada,Salaries and wages,thousands,71700,
1997,Newfoundland and Labrador,Gross output,thousands,8000,
1997,Newfoundland and Labrador,Total operating revenue,thousands,7000,
1997,Newfoundland and Labrador,Sales of aqua products and services,thousands,6300,
1997,Newfoundland and Labrador,Gross value added (factor cost),thousands,3350,
1997,Newfoundland and Labrador,Salaries and wages,thousands,2300,
1997,Prince Edward Island,Gross output,thousands,16500,
1997,Prince Edward Island,Total operating revenue,thousands,16500,
1997,Prince Edward Island,Sales of aqua products and services,thousands,16400,
1997,Prince Edward Island,Gross value added (factor cost),thousands,11500,
1997,Prince Edward Island,Salaries and wages,thousands,6500,
1997,Nova Scotia,Gross output,thousands,14700,
1997,Nova Scotia,Total operating revenue,thousands,11800,
1997,Nova Scotia,Sales of aqua products and services,thousands,11200,
1997,Nova Scotia,Gross value added (factor cost),thousands,5690,
1997,Nova Scotia,Salaries and wages,thousands,4000,
1997,New Brunswick,Gross output,thousands,166000,
1997,New Brunswick,Total operating revenue,thousands,164000,
1997,New Brunswick,Sales of aqua products and services,thousands,162000,
1997,New Brunswick,Gross value added (factor cost),thousands,56800,
1997,New Brunswick,Salaries and wages,thousands,23200,
1997,Quebec,Gross output,thousands,8100,
1997,Quebec,Total operating revenue,thousands,9100,
1997,Quebec,Sales of aqua products and services,thousands,8700,
1997,Quebec,Gross value added (factor cost),thousands,3010,
1997,Quebec,Salaries and wages,thousands,1700,
1997,Ontario,Gross output,thousands,23000,
1997,Ontario,Total operating revenue,thousands,23000,
1997,Ontario,Sales of aqua products and services,thousands,17900,
1997,Ontario,Gross value added (factor cost),thousands,8120,
1997,Ontario,Salaries and wages,thousands,4000,
1997,Prairie provinces,Gross output,thousands,,x
1997,Prairie provinces,Total operating revenue,thousands,,x
1997,Prairie provinces,Sales of aqua products and services,thousands,,x
1997,Prairie provinces,Gross value added (factor cost),thousands,,x
1997,Prairie provinces,Salaries and wages,thousands,,x
1997,British Columbia,Gross output,thousands,275000,
1997,British Columbia,Total operating revenue,thousands,230000,
1997,British Columbia,Sales of aqua products and services,thousands,224800,
1997,British Columbia,Gross value added (factor cost),thousands,97500,
1997,British Columbia,Salaries and wages,thousands,30000,
1998,Canada,Gross output,thousands,564680,
1998,Canada,Total operating revenue,thousands,539930,
1998,Canada,Sales of aqua products and services,thousands,520100,
1998,Canada,Gross value added (factor cost),thousands,226040,
1998,Canada,Salaries and wages,thousands,73300,
1998,Newfoundland and Labrador,Gross output,thousands,12030,
1998,Newfoundland and Labrador,Total operating revenue,thousands,11280,
1998,Newfoundland and Labrador,Sales of aqua products and services,thousands,9400,
1998,Newfoundland and Labrador,Gross value added (factor cost),thousands,3280,
1998,Newfoundland and Labrador,Salaries and wages,thousands,3000,
1998,Prince Edward Island,Gross output,thousands,21800,
1998,Prince Edward Island,Total operating revenue,thousands,21200,
1998,Prince Edward Island,Sales of aqua products and services,thousands,21100,
1998,Prince Edward Island,Gross value added (factor cost),thousands,15800,
1998,Prince Edward Island,Salaries and wages,thousands,8000,
1998,Nova Scotia,Gross output,thousands,24000,
1998,Nova Scotia,Total operating revenue,thousands,19500,
1998,Nova Scotia,Sales of aqua products and services,thousands,19100,
1998,Nova Scotia,Gross value added (factor cost),thousands,9480,
1998,Nova Scotia,Salaries and wages,thousands,6000,
1998,New Brunswick,Gross output,thousands,189800,
1998,New Brunswick,Total operating revenue,thousands,186800,
1998,New Brunswick,Sales of aqua products and services,thousands,181150,
1998,New Brunswick,Gross value added (factor cost),thousands,73050,
1998,New Brunswick,Salaries and wages,thousands,20000,
1998,Quebec,Gross output,thousands,9700,
1998,Quebec,Total operating revenue,thousands,9500,
1998,Quebec,Sales of aqua products and services,thousands,9250,
1998,Quebec,Gross value added (factor cost),thousands,4170,
1998,Quebec,Salaries and wages,thousands,1800,
1998,Ontario,Gross output,thousands,22250,
1998,Ontario,Total operating revenue,thousands,21550,
1998,Ontario,Sales of aqua products and services,thousands,16400,
1998,Ontario,Gross value added (factor cost),thousands,8300,
1998,Ontario,Salaries and wages,thousands,4000,
1998,Prairie provinces,Gross output,thousands,,x
1998,Prairie provinces,Total operating revenue,thousands,,x
1998,Prairie provinces,Sales of aqua products and services,thousands,,x
1998,Prairie provinces,Gross value added (factor cost),thousands,,x
1998,Prairie provinces,Salaries and wages,thousands,,x
1998,British Columbia,Gross output,thousands,285100,
1998,British Columbia,Total operating revenue,thousands,270100,
1998,British Columbia,Sales of aqua products and services,thousands,263700,
1998,British Columbia,Gross value added (factor cost),thousands,111960,
1998,British Columbia,Salaries and wages,thousands,30500,
1999,Canada,Gross output,thousands,707435,
1999,Canada,Total operating revenue,thousands,651315,
1999,Canada,Sales of aqua products and services,thousands,621430,
1999,Canada,Gross value added (factor cost),thousands,275930,
1999,Canada,Salaries and wages,thousands,85800,
1999,Newfoundland and Labrador,Gross output,thousands,14915,
1999,Newfoundland and Labrador,Total operating revenue,thousands,13515,
1999,Newfoundland and Labrador,Sales of aqua products and services,thousands,12800,
1999,Newfoundland and Labrador,Gross value added (factor cost),thousands,5980,
1999,Newfoundland and Labrador,Salaries and wages,thousands,3200,
1999,Prince Edward Island,Gross output,thousands,24000,
1999,Prince Edward Island,Total operating revenue,thousands,23400,
1999,Prince Edward Island,Sales of aqua products and services,thousands,23300,
1999,Prince Edward Island,Gross value added (factor cost),thousands,16950,
1999,Prince Edward Island,Salaries and wages,thousands,9000,
1999,Nova Scotia,Gross output,thousands,35600,
1999,Nova Scotia,Total operating revenue,thousands,29800,
1999,Nova Scotia,Sales of aqua products and services,thousands,29400,
1999,Nova Scotia,Gross value added (factor cost),thousands,17625,
1999,Nova Scotia,Salaries and wages,thousands,7500,
1999,New Brunswick,Gross output,thousands,265980,
1999,New Brunswick,Total operating revenue,thousands,235980,
1999,New Brunswick,Sales of aqua products and services,thousands,228360,
1999,New Brunswick,Gross value added (factor cost),thousands,88965,
1999,New Brunswick,Salaries and wages,thousands,25000,
1999,Quebec,Gross output,thousands,11370,
1999,Quebec,Total operating revenue,thousands,11370,
1999,Quebec,Sales of aqua products and services,thousands,11170,
1999,Quebec,Gross value added (factor cost),thousands,4825,
1999,Quebec,Salaries and wages,thousands,2200,
1999,Ontario,Gross output,thousands,22670,
1999,Ontario,Total operating revenue,thousands,22350,
1999,Ontario,Sales of aqua products and services,thousands,17000,
1999,Ontario,Gross value added (factor cost),thousands,7590,
1999,Ontario,Salaries and wages,thousands,3900,
1999,Prairie provinces,Gross output,thousands,,x
1999,Prairie provinces,Total operating revenue,thousands,,x
1999,Prairie provinces,Sales of aqua products and services,thousands,,x
1999,Prairie provinces,Gross value added (factor cost),thousands,,x
1999,Prairie provinces,Salaries and wages,thousands,,x
1999,British Columbia,Gross output,thousands,332900,
1999,British Columbia,Total operating revenue,thousands,314900,
1999,British Columbia,Sales of aqua products and services,thousands,299400,
1999,British Columbia,Gross value added (factor cost),thousands,133995,
1999,British Columbia,Salaries and wages,thousands,35000,
2000,Canada,Gross output,thousands,785470,
2000,Canada,Total operating revenue,thousands,731870,
2000,Canada,Sales of aqua products and services,thousands,701500,
2000,Canada,Gross value added (factor cost),thousands,307120,
2000,Canada,Salaries and wages,thousands,93000,
2000,Newfoundland and Labrador,Gross output,thousands,13000,
2000,Newfoundland and Labrador,Total operating revenue,thousands,13000,
2000,Newfoundland and Labrador,Sales of aqua products and services,thousands,12200,
2000,Newfoundland and Labrador,Gross value added (factor cost),thousands,4550,
2000,Newfoundland and Labrador,Salaries and wages,thousands,2800,
2000,Prince Edward Island,Gross output,thousands,29400,
2000,Prince Edward Island,Total operating revenue,thousands,29100,
2000,Prince Edward Island,Sales of aqua products and services,thousands,29000,
2000,Prince Edward Island,Gross value added (factor cost),thousands,21300,
2000,Prince Edward Island,Salaries and wages,thousands,10000,
2000,Nova Scotia,Gross output,thousands,47000,
2000,Nova Scotia,Total operating revenue,thousands,44000,
2000,Nova Scotia,Sales of aqua products and services,thousands,43500,
2000,Nova Scotia,Gross value added (factor cost),thousands,21600,
2000,Nova Scotia,Salaries and wages,thousands,8000,
2000,New Brunswick,Gross output,thousands,314900,
2000,New Brunswick,Total operating revenue,thousands,289900,
2000,New Brunswick,Sales of aqua products and services,thousands,281900,
2000,New Brunswick,Gross value added (factor cost),thousands,106400,
2000,New Brunswick,Salaries and wages,thousands,26000,
2000,Quebec,Gross output,thousands,12370,
2000,Quebec,Total operating revenue,thousands,12270,
2000,Quebec,Sales of aqua products and services,thousands,12000,
2000,Quebec,Gross value added (factor cost),thousands,5770,
2000,Quebec,Salaries and wages,thousands,2200,
2000,Ontario,Gross output,thousands,23000,
2000,Ontario,Total operating revenue,thousands,22800,
2000,Ontario,Sales of aqua products and services,thousands,17600,
2000,Ontario,Gross value added (factor cost),thousands,8100,
2000,Ontario,Salaries and wages,thousands,4000,
2000,Prairie provinces,Gross output,thousands,,x
2000,Prairie provinces,Total operating revenue,thousands,,x
2000,Prairie provinces,Sales of aqua products and services,thousands,,x
2000,Prairie provinces,Gross value added (factor cost),thousands,,x
2000,Prairie provinces,Salaries and wages,thousands,,x
2000,British Columbia,Gross output,thousands,345800,
2000,British Columbia,Total operating revenue,thousands,320800,
2000,British Columbia,Sales of aqua products and services,thousands,305300,
2000,British Columbia,Gross value added (factor cost),thousands,139400,
2000,British Columbia,Salaries and wages,thousands,40000,
2001,Canada,Gross output,thousands,751200,
2001,Canada,Total operating revenue,thousands,716800,
2001,Canada,Sales of aqua products and services,thousands,690030,
2001,Canada,Gross value added (factor cost),thousands,255200,
2001,Canada,Salaries and wages,thousands,101100,
2001,Newfoundland and Labrador,Gross output,thousands,15000,
2001,Newfoundland and Labrador,Total operating revenue,thousands,15000,
2001,Newfoundland and Labrador,Sales of aqua products and services,thousands,14200,
2001,Newfoundland and Labrador,Gross value added (factor cost),thousands,5550,
2001,Newfoundland and Labrador,Salaries and wages,thousands,3000,
2001,Prince Edward Island,Gross output,thousands,29600,
2001,Prince Edward Island,Total operating revenue,thousands,29500,
2001,Prince Edward Island,Sales of aqua products and services,thousands,29400,
2001,Prince Edward Island,Gross value added (factor cost),thousands,21350,
2001,Prince Edward Island,Salaries and wages,thousands,10500,
2001,Nova Scotia,Gross output,thousands,26400,
2001,Nova Scotia,Total operating revenue,thousands,27400,
2001,Nova Scotia,Sales of aqua products and services,thousands,26900,
2001,Nova Scotia,Gross value added (factor cost),thousands,10250,
2001,Nova Scotia,Salaries and wages,thousands,7000,
2001,New Brunswick,Gross output,thousands,297500,
2001,New Brunswick,Total operating revenue,thousands,282500,
2001,New Brunswick,Sales of aqua products and services,thousands,277100,
2001,New Brunswick,Gross value added (factor cost),thousands,86800,
2001,New Brunswick,Salaries and wages,thousands,31000,
2001,Quebec,Gross output,thousands,12500,
2001,Quebec,Total operating revenue,thousands,12500,
2001,Quebec,Sales of aqua products and services,thousands,12230,
2001,Quebec,Gross value added (factor cost),thousands,5650,
2001,Quebec,Salaries and wages,thousands,2500,
2001,Ontario,Gross output,thousands,23300,
2001,Ontario,Total operating revenue,thousands,23000,
2001,Ontario,Sales of aqua products and services,thousands,17800,
2001,Ontario,Gross value added (factor cost),thousands,9100,
2001,Ontario,Salaries and wages,thousands,4100,
2001,Prairie provinces,Gross output,thousands,,x
2001,Prairie provinces,Total operating revenue,thousands,,x
2001,Prairie provinces,Sales of aqua products and services,thousands,,x
2001,Prairie provinces,Gross value added (factor cost),thousands,,x
2001,Prairie provinces,Salaries and wages,thousands,,x
2001,British Columbia,Gross output,thousands,346900,
2001,British Columbia,Total operating revenue,thousands,326900,
2001,British Columbia,Sales of aqua products and services,thousands,312400,
2001,British Columbia,Gross value added (factor cost),thousands,116500,
2001,British Columbia,Salaries and wages,thousands,43000,
2002,Canada,Gross output,thousands,756750,
2002,Canada,Total operating revenue,thousands,754350,
2002,Canada,Sales of aqua products and services,thousands,734100,
2002,Canada,Gross value added (factor cost),thousands,220005,
2002,Canada,Salaries and wages,thousands,108600,
2002,Newfoundland and Labrador,Gross output,thousands,16350,
2002,Newfoundland and Labrador,Total operating revenue,thousands,16350,
2002,Newfoundland and Labrador,Sales of aqua products and services,thousands,15700,
2002,Newfoundland and Labrador,Gross value added (factor cost),thousands,6705,
2002,Newfoundland and Labrador,Salaries and wages,thousands,3200,
2002,Prince Edward Island,Gross output,thousands,28000,
2002,Prince Edward Island,Total operating revenue,thousands,27800,
2002,Prince Edward Island,Sales of aqua products and services,thousands,27700,
2002,Prince Edward Island,Gross value added (factor cost),thousands,19630,
2002,Prince Edward Island,Salaries and wages,thousands,10800,
2002,Nova Scotia,Gross output,thousands,24500,
2002,Nova Scotia,Total operating revenue,thousands,24500,
2002,Nova Scotia,Sales of aqua products and services,thousands,24300,
2002,Nova Scotia,Gross value added (factor cost),thousands,10550,
2002,Nova Scotia,Salaries and wages,thousands,6000,
2002,New Brunswick,Gross output,thousands,313600,
2002,New Brunswick,Total operating revenue,thousands,286600,
2002,New Brunswick,Sales of aqua products and services,thousands,282300,
2002,New Brunswick,Gross value added (factor cost),thousands,92600,
2002,New Brunswick,Salaries and wages,thousands,33000,
2002,Quebec,Gross output,thousands,15350,
2002,Quebec,Total operating revenue,thousands,15250,
2002,Quebec,Sales of aqua products and services,thousands,14800,
2002,Quebec,Gross value added (factor cost),thousands,7790,
2002,Quebec,Salaries and wages,thousands,3300,
2002,Ontario,Gross output,thousands,26000,
2002,Ontario,Total operating revenue,thousands,25900,
2002,Ontario,Sales of aqua products and services,thousands,19700,
2002,Ontario,Gross value added (factor cost),thousands,11980,
2002,Ontario,Salaries and wages,thousands,4300,
2002,Prairie provinces,Gross output,thousands,,x
2002,Prairie provinces,Total operating revenue,thousands,,x
2002,Prairie provinces,Sales of aqua products and services,thousands,,x
2002,Prairie provinces,Gross value added (factor cost),thousands,,x
2002,Prairie provinces,Salaries and wages,thousands,,x
2002,British Columbia,Gross output,thousands,332950,
2002,British Columbia,Total operating revenue,thousands,357950,
2002,British Columbia,Sales of aqua products and services,thousands,349600,
2002,British Columbia,Gross value added (factor cost),thousands,70750,
2002,British Columbia,Salaries and wages,thousands,48000,
2003,Canada,Gross output,thousands,728450,
2003,Canada,Total operating revenue,thousands,737150,
2003,Canada,Sales of aqua products and services,thousands,720895,
2003,Canada,Gross value added (factor cost),thousands,209709,
2003,Canada,Salaries and wages,thousands,102700,
2003,Newfoundland and Labrador,Gross output,thousands,16850,
2003,Newfoundland and Labrador,Total operating revenue,thousands,15850,
2003,Newfoundland and Labrador,Sales of aqua products and services,thousands,15400,
2003,Newfoundland and Labrador,Gross value added (factor cost),thousands,6090,
2003,Newfoundland and Labrador,Salaries and wages,thousands,3000,
2003,Prince Edward Island,Gross output,thousands,32030,
2003,Prince Edward Island,Total operating revenue,thousands,32330,
2003,Prince Edward Island,Sales of aqua products and services,thousands,32150,
2003,Prince Edward Island,Gross value added (factor cost),thousands,24299,
2003,Prince Edward Island,Salaries and wages,thousands,11200,
2003,Nova Scotia,Gross output,thousands,28435,
2003,Nova Scotia,Total operating revenue,thousands,28735,
2003,Nova Scotia,Sales of aqua products and services,thousands,28600,
2003,Nova Scotia,Gross value added (factor cost),thousands,14165,
2003,Nova Scotia,Salaries and wages,thousands,6100,
2003,New Brunswick,Gross output,thousands,282850,
2003,New Brunswick,Total operating revenue,thousands,272850,
2003,New Brunswick,Sales of aqua products and services,thousands,268800,
2003,New Brunswick,Gross value added (factor cost),thousands,83500,
2003,New Brunswick,Salaries and wages,thousands,34000,
2003,Quebec,Gross output,thousands,15120,
2003,Quebec,Total operating revenue,thousands,14520,
2003,Quebec,Sales of aqua products and services,thousands,13520,
2003,Quebec,Gross value added (factor cost),thousands,8220,
2003,Quebec,Salaries and wages,thousands,3200,
2003,Ontario,Gross output,thousands,25165,
2003,Ontario,Total operating revenue,thousands,25065,
2003,Ontario,Sales of aqua products and services,thousands,19235,
2003,Ontario,Gross value added (factor cost),thousands,11735,
2003,Ontario,Salaries and wages,thousands,4200,
2003,Prairie provinces,Gross output,thousands,,x
2003,Prairie provinces,Total operating revenue,thousands,,x
2003,Prairie provinces,Sales of aqua products and services,thousands,,x
2003,Prairie provinces,Gross value added (factor cost),thousands,,x
2003,Prairie provinces,Salaries and wages,thousands,,x
2003,British Columbia,Gross output,thousands,328000,
2003,British Columbia,Total operating revenue,thousands,347800,
2003,British Columbia,Sales of aqua products and services,thousands,343190,
2003,British Columbia,Gross value added (factor cost),thousands,61700,
2003,British Columbia,Salaries and wages,thousands,41000,
2004,Canada,Gross output,thousands,735265,
2004,Canada,Total operating revenue,thousands,678105,
2004,Canada,Sales of aqua products and services,thousands,662330,
2004,Canada,Gross value added (factor cost),thousands,203345,
2004,Canada,Salaries and wages,thousands,105200,
2004,Newfoundland and Labrador,Gross output,thousands,23300,
2004,Newfoundland and Labrador,Total operating revenue,thousands,22300,
2004,Newfoundland and Labrador,Sales of aqua products and services,thousands,22000,
2004,Newfoundland and Labrador,Gross value added (factor cost),thousands,8780,
2004,Newfoundland and Labrador,Salaries and wages,thousands,3200,
2004,Prince Edward Island,Gross output,thousands,33750,
2004,Prince Edward Island,Total operating revenue,thousands,33650,
2004,Prince Edward Island,Sales of aqua products and services,thousands,33050,
2004,Prince Edward Island,Gross value added (factor cost),thousands,25365,
2004,Prince Edward Island,Salaries and wages,thousands,11500,
2004,Nova Scotia,Gross output,thousands,22450,
2004,Nova Scotia,Total operating revenue,thousands,21950,
2004,Nova Scotia,Sales of aqua products and services,thousands,21900,
2004,Nova Scotia,Gross value added (factor cost),thousands,7555,
2004,Nova Scotia,Salaries and wages,thousands,6200,
2004,New Brunswick,Gross output,thousands,298000,
2004,New Brunswick,Total operating revenue,thousands,252000,
2004,New Brunswick,Sales of aqua products and services,thousands,247200,
2004,New Brunswick,Gross value added (factor cost),thousands,83800,
2004,New Brunswick,Salaries and wages,thousands,34500,
2004,Quebec,Gross output,thousands,13785,
2004,Quebec,Total operating revenue,thousands,13825,
2004,Quebec,Sales of aqua products and services,thousands,13300,
2004,Quebec,Gross value added (factor cost),thousands,7490,
2004,Quebec,Salaries and wages,thousands,3000,
2004,Ontario,Gross output,thousands,22550,
2004,Ontario,Total operating revenue,thousands,22750,
2004,Ontario,Sales of aqua products and services,thousands,17100,
2004,Ontario,Gross value added (factor cost),thousands,11925,
2004,Ontario,Salaries and wages,thousands,3800,
2004,Prairie provinces,Gross output,thousands,,x
2004,Prairie provinces,Total operating revenue,thousands,,x
2004,Prairie provinces,Sales of aqua products and services,thousands,,x
2004,Prairie provinces,Gross value added (factor cost),thousands,,x
2004,Prairie provinces,Salaries and wages,thousands,,x
2004,British Columbia,Gross output,thousands,321430,
2004,British Columbia,Total operating revenue,thousands,311630,
2004,British Columbia,Sales of aqua products and services,thousands,307780,
2004,British Columbia,Gross value added (factor cost),thousands,58430,
2004,British Columbia,Salaries and wages,thousands,43000,
2005,Canada,Gross output,thousands,808845,
2005,Canada,Total operating revenue,thousands,776855,
2005,Canada,Sales of aqua products and services,thousands,763140,
2005,Canada,Gross value added (factor cost),thousands,249900,
2005,Canada,Salaries and wages,thousands,100900,
2005,Newfoundland and Labrador,Gross output,thousands,29380,
2005,Newfoundland and Labrador,Total operating revenue,thousands,32200,
2005,Newfoundland and Labrador,Sales of aqua products and services,thousands,31835,
2005,Newfoundland and Labrador,Gross value added (factor cost),thousands,10810,
2005,Newfoundland and Labrador,Salaries and wages,thousands,3300,
2005,Prince Edward Island,Gross output,thousands,29405,
2005,Prince Edward Island,Total operating revenue,thousands,29705,
2005,Prince Edward Island,Sales of aqua products and services,thousands,29100,
2005,Prince Edward Island,Gross value added (factor cost),thousands,22445,
2005,Prince Edward Island,Salaries and wages,thousands,11000,
2005,Nova Scotia,Gross output,thousands,33760,
2005,Nova Scotia,Total operating revenue,thousands,32740,
2005,Nova Scotia,Sales of aqua products and services,thousands,32600,
2005,Nova Scotia,Gross value added (factor cost),thousands,17890,
2005,Nova Scotia,Salaries and wages,thousands,5800,
2005,New Brunswick,Gross output,thousands,306800,
2005,New Brunswick,Total operating revenue,thousands,292800,
2005,New Brunswick,Sales of aqua products and services,thousands,287500,
2005,New Brunswick,Gross value added (factor cost),thousands,76900,
2005,New Brunswick,Salaries and wages,thousands,33500,
2005,Quebec,Gross output,thousands,15745,
2005,Quebec,Total operating revenue,thousands,15205,
2005,Quebec,Sales of aqua products and services,thousands,14740,
2005,Quebec,Gross value added (factor cost),thousands,9400,
2005,Quebec,Salaries and wages,thousands,2900,
2005,Ontario,Gross output,thousands,20580,
2005,Ontario,Total operating revenue,thousands,20880,
2005,Ontario,Sales of aqua products and services,thousands,16115,
2005,Ontario,Gross value added (factor cost),thousands,11760,
2005,Ontario,Salaries and wages,thousands,3400,
2005,Prairie provinces,Gross output,thousands,0,
2005,Prairie provinces,Total operating revenue,thousands,0,
2005,Prairie provinces,Sales of aqua products and services,thousands,0,
2005,Prairie provinces,Gross value added (factor cost),thousands,0,
2005,Prairie provinces,Salaries and wages,thousands,0,
2005,British Columbia,Gross output,thousands,373175,
2005,British Columbia,Total operating revenue,thousands,353325,
2005,British Columbia,Sales of aqua products and services,thousands,351250,
2005,British Columbia,Gross value added (factor cost),thousands,100695,
2005,British Columbia,Salaries and wages,thousands,41000,
2006,Canada,Gross output,thousands,978686,
2006,Canada,Total operating revenue,thousands,968663,
2006,Canada,Sales of aqua products and services,thousands,949665,
2006,Canada,Gross value added (factor cost),thousands,392787,
2006,Canada,Salaries and wages,thousands,108150,
2006,Newfoundland and Labrador,Gross output,thousands,44986,
2006,Newfoundland and Labrador,Total operating revenue,thousands,44653,
2006,Newfoundland and Labrador,Sales of aqua products and services,thousands,43300,
2006,Newfoundland and Labrador,Gross value added (factor cost),thousands,23012,
2006,Newfoundland and Labrador,Salaries and wages,thousands,4500,
2006,Prince Edward Island,Gross output,thousands,32150,
2006,Prince Edward Island,Total operating revenue,thousands,31640,
2006,Prince Edward Island,Sales of aqua products and services,thousands,31155,
2006,Prince Edward Island,Gross value added (factor cost),thousands,29065,
2006,Prince Edward Island,Salaries and wages,thousands,11500,
2006,Nova Scotia,Gross output,thousands,,x
2006,Nova Scotia,Total operating revenue,thousands,,x
2006,Nova Scotia,Sales of aqua products and services,thousands,,x
2006,Nova Scotia,Gross value added (factor cost),thousands,,x
2006,Nova Scotia,Salaries and wages,thousands,,x
2006,New Brunswick,Gross output,thousands,,x
2006,New Brunswick,Total operating revenue,thousands,,x
2006,New Brunswick,Sales of aqua products and services,thousands,,x
2006,New Brunswick,Gross value added (factor cost),thousands,,x
2006,New Brunswick,Salaries and wages,thousands,,x
2006,Quebec,Gross output,thousands,13875,
2006,Quebec,Total operating revenue,thousands,13865,
2006,Quebec,Sales of aqua products and services,thousands,13300,
2006,Quebec,Gross value added (factor cost),thousands,8675,
2006,Quebec,Salaries and wages,thousands,2750,
2006,Ontario,Gross output,thousands,17295,
2006,Ontario,Total operating revenue,thousands,17785,
2006,Ontario,Sales of aqua products and services,thousands,16530,
2006,Ontario,Gross value added (factor cost),thousands,7405,
2006,Ontario,Salaries and wages,thousands,3500,
2006,Prairie provinces,Gross output,thousands,0,
2006,Prairie provinces,Total operating revenue,thousands,0,
2006,Prairie provinces,Sales of aqua products and services,thousands,0,
2006,Prairie provinces,Gross value added (factor cost),thousands,0,
2006,Prairie provinces,Salaries and wages,thousands,0,
2006,British Columbia,Gross output,thousands,461500,
2006,British Columbia,Total operating revenue,thousands,460340,
2006,British Columbia,Sales of aqua products and services,thousands,455980,
2006,British Columbia,Gross value added (factor cost),thousands,162050,
2006,British Columbia,Salaries and wages,thousands,48000,
2007,Canada,Gross output,thousands,845433,
2007,Canada,Total operating revenue,thousands,810061,
2007,Canada,Sales of aqua products and services,thousands,797626,
2007,Canada,Gross value added (factor cost),thousands,264934,
2007,Canada,Salaries and wages,thousands,101300,
2007,Newfoundland and Labrador,Gross output,thousands,44437,
2007,Newfoundland and Labrador,Total operating revenue,thousands,34000,
2007,Newfoundland and Labrador,Sales of aqua products and services,thousands,33840,
2007,Newfoundland and Labrador,Gross value added (factor cost),thousands,13668,
2007,Newfoundland and Labrador,Salaries and wages,thousands,5000,
2007,Prince Edward Island,Gross output,thousands,33111,
2007,Prince Edward Island,Total operating revenue,thousands,28791,
2007,Prince Edward Island,Sales of aqua products and services,thousands,28466,
2007,Prince Edward Island,Gross value added (factor cost),thousands,25001,
2007,Prince Edward Island,Salaries and wages,thousands,10200,
2007,Nova Scotia,Gross output,thousands,47940,
2007,Nova Scotia,Total operating revenue,thousands,41740,
2007,Nova Scotia,Sales of aqua products and services,thousands,41200,
2007,Nova Scotia,Gross value added (factor cost),thousands,33890,
2007,Nova Scotia,Salaries and wages,thousands,6000,
2007,New Brunswick,Gross output,thousands,147320,
2007,New Brunswick,Total operating revenue,thousands,142320,
2007,New Brunswick,Sales of aqua products and services,thousands,134520,
2007,New Brunswick,Gross value added (factor cost),thousands,17120,
2007,New Brunswick,Salaries and wages,thousands,22000,
2007,Quebec,Gross output,thousands,13730,
2007,Quebec,Total operating revenue,thousands,14300,
2007,Quebec,Sales of aqua products and services,thousands,13600,
2007,Quebec,Gross value added (factor cost),thousands,7415,
2007,Quebec,Salaries and wages,thousands,2100,
2007,Ontario,Gross output,thousands,16975,
2007,Ontario,Total operating revenue,thousands,17690,
2007,Ontario,Sales of aqua products and services,thousands,17050,
2007,Ontario,Gross value added (factor cost),thousands,8280,
2007,Ontario,Salaries and wages,thousands,3000,
2007,Prairie provinces,Gross output,thousands,0,
2007,Prairie provinces,Total operating revenue,thousands,0,
2007,Prairie provinces,Sales of aqua products and services,thousands,0,
2007,Prairie provinces,Gross value added (factor cost),thousands,0,
2007,Prairie provinces,Salaries and wages,thousands,0,
2007,British Columbia,Gross output,thousands,541920,
2007,British Columbia,Total operating revenue,thousands,531220,
2007,British Columbia,Sales of aqua products and services,thousands,528950,
2007,British Columbia,Gross value added (factor cost),thousands,159560,
2007,British Columbia,Salaries and wages,thousands,53000,
2008,Canada,Gross output,thousands,763677,
2008,Canada,Total operating revenue,thousands,752097,
2008,Canada,Sales of aqua products and services,thousands,737397,
2008,Canada,Gross value added (factor cost),thousands,216989,
2008,Canada,Salaries and wages,thousands,106000,
2008,Newfoundland and Labrador,Gross output,thousands,66565,
2008,Newfoundland and Labrador,Total operating revenue,thousands,54565,
2008,Newfoundland and Labrador,Sales of aqua products and services,thousands,46415,
2008,Newfoundland and Labrador,Gross value added (factor cost),thousands,24875,
2008,Newfoundland and Labrador,Salaries and wages,thousands,8200,
2008,Prince Edward Island,Gross output,thousands,26867,
2008,Prince Edward Island,Total operating revenue,thousands,28137,
2008,Prince Edward Island,Sales of aqua products and services,thousands,27997,
2008,Prince Edward Island,Gross value added (factor cost),thousands,18062,
2008,Prince Edward Island,Salaries and wages,thousands,8700,
2008,Nova Scotia,Gross output,thousands,47095,
2008,Nova Scotia,Total operating revenue,thousands,44495,
2008,Nova Scotia,Sales of aqua products and services,thousands,43405,
2008,Nova Scotia,Gross value added (factor cost),thousands,9705,
2008,Nova Scotia,Salaries and wages,thousands,5200,
2008,New Brunswick,Gross output,thousands,131295,
2008,New Brunswick,Total operating revenue,thousands,111295,
2008,New Brunswick,Sales of aqua products and services,thousands,108905,
2008,New Brunswick,Gross value added (factor cost),thousands,28002,
2008,New Brunswick,Salaries and wages,thousands,20000,
2008,Quebec,Gross output,thousands,12720,
2008,Quebec,Total operating revenue,thousands,14100,
2008,Quebec,Sales of aqua products and services,thousands,13235,
2008,Quebec,Gross value added (factor cost),thousands,6730,
2008,Quebec,Salaries and wages,thousands,2200,
2008,Ontario,Gross output,thousands,16760,
2008,Ontario,Total operating revenue,thousands,17930,
2008,Ontario,Sales of aqua products and services,thousands,17520,
2008,Ontario,Gross value added (factor cost),thousands,9160,
2008,Ontario,Salaries and wages,thousands,2800,
2008,Prairie provinces,Gross output,thousands,,x
2008,Prairie provinces,Total operating revenue,thousands,,x
2008,Prairie provinces,Sales of aqua products and services,thousands,,x
2008,Prairie provinces,Gross value added (factor cost),thousands,,x
2008,Prairie provinces,Salaries and wages,thousands,,x
2008,British Columbia,Gross output,thousands,462375,
2008,British Columbia,Total operating revenue,thousands,481575,
2008,British Columbia,Sales of aqua products and services,thousands,479920,
2008,British Columbia,Gross value added (factor cost),thousands,120455,
2008,British Columbia,Salaries and wages,thousands,58900,
2009,Canada,Gross output,thousands,884689,
2009,Canada,Total operating revenue,thousands,887194,
2009,Canada,Sales of aqua products and services,thousands,868639,
2009,Canada,Gross value added (factor cost),thousands,267279,
2009,Canada,Salaries and wages,thousands,114350,
2009,Newfoundland and Labrador,Gross output,thousands,81275,
2009,Newfoundland and Labrador,Total operating revenue,thousands,72275,
2009,Newfoundland and Labrador,Sales of aqua products and services,thousands,69800,
2009,Newfoundland and Labrador,Gross value added (factor cost),thousands,12805,
2009,Newfoundland and Labrador,Salaries and wages,thousands,8400,
2009,Prince Edward Island,Gross output,thousands,29790,
2009,Prince Edward Island,Total operating revenue,thousands,28690,
2009,Prince Edward Island,Sales of aqua products and services,thousands,28540,
2009,Prince Edward Island,Gross value added (factor cost),thousands,21540,
2009,Prince Edward Island,Salaries and wages,thousands,7800,
2009,Nova Scotia,Gross output,thousands,54555,
2009,Nova Scotia,Total operating revenue,thousands,52545,
2009,Nova Scotia,Sales of aqua products and services,thousands,49810,
2009,Nova Scotia,Gross value added (factor cost),thousands,23060,
2009,Nova Scotia,Salaries and wages,thousands,5500,
2009,New Brunswick,Gross output,thousands,222390,
2009,New Brunswick,Total operating revenue,thousands,207290,
2009,New Brunswick,Sales of aqua products and services,thousands,198910,
2009,New Brunswick,Gross value added (factor cost),thousands,62890,
2009,New Brunswick,Salaries and wages,thousands,21000,
2009,Quebec,Gross output,thousands,12069,
2009,Quebec,Total operating revenue,thousands,11569,
2009,Quebec,Sales of aqua products and services,thousands,10829,
2009,Quebec,Gross value added (factor cost),thousands,5314,
2009,Quebec,Salaries and wages,thousands,2300,
2009,Ontario,Gross output,thousands,21370,
2009,Ontario,Total operating revenue,thousands,19570,
2009,Ontario,Sales of aqua products and services,thousands,18150,
2009,Ontario,Gross value added (factor cost),thousands,12080,
2009,Ontario,Salaries and wages,thousands,2850,
2009,Prairie provinces,Gross output,thousands,,x
2009,Prairie provinces,Total operating revenue,thousands,,x
2009,Prairie provinces,Sales of aqua products and services,thousands,,x
2009,Prairie provinces,Gross value added (factor cost),thousands,,x
2009,Prairie provinces,Salaries and wages,thousands,,x
2009,British Columbia,Gross output,thousands,463240,
2009,British Columbia,Total operating revenue,thousands,495255,
2009,British Columbia,Sales of aqua products and services,thousands,492600,
2009,British Columbia,Gross value added (factor cost),thousands,129590,
2009,British Columbia,Salaries and wages,thousands,66500,
2010,Canada,Gross output,thousands,1030826,
2010,Canada,Total operating revenue,thousands,990146,
2010,Canada,Sales of aqua products and services,thousands,974836,
2010,Canada,Gross value added (factor cost),thousands,381147,
2010,Canada,Salaries and wages,thousands,109368,
2010,Newfoundland and Labrador,Gross output,thousands,,x
2010,Newfoundland and Labrador,Total operating revenue,thousands,,x
2010,Newfoundland and Labrador,Sales of aqua products and services,thousands,,x
2010,Newfoundland and Labrador,Gross value added (factor cost),thousands,37770,
2010,Newfoundland and Labrador,Salaries and wages,thousands,10818,
2010,Prince Edward Island,Gross output,thousands,35095,
2010,Prince Edward Island,Total operating revenue,thousands,34740,
2010,Prince Edward Island,Sales of aqua products and services,thousands,33835,
2010,Prince Edward Island,Gross value added (factor cost),thousands,26381,
2010,Prince Edward Island,Salaries and wages,thousands,6745,
2010,Nova Scotia,Gross output,thousands,39563,
2010,Nova Scotia,Total operating revenue,thousands,38303,
2010,Nova Scotia,Sales of aqua products and services,thousands,36218,
2010,Nova Scotia,Gross value added (factor cost),thousands,16956,
2010,Nova Scotia,Salaries and wages,thousands,4975,
2010,New Brunswick,Gross output,thousands,263040,
2010,New Brunswick,Total operating revenue,thousands,242000,
2010,New Brunswick,Sales of aqua products and services,thousands,233165,
2010,New Brunswick,Gross value added (factor cost),thousands,110386,
2010,New Brunswick,Salaries and wages,thousands,22595,
2010,Quebec,Gross output,thousands,,x
2010,Quebec,Total operating revenue,thousands,,x
2010,Quebec,Sales of aqua products and services,thousands,,x
2010,Quebec,Gross value added (factor cost),thousands,4132,
2010,Quebec,Salaries and wages,thousands,2125,
2010,Ontario,Gross output,thousands,17725,
2010,Ontario,Total operating revenue,thousands,18925,
2010,Ontario,Sales of aqua products and services,thousands,18295,
2010,Ontario,Gross value added (factor cost),thousands,6350,
2010,Ontario,Salaries and wages,thousands,2100,
2010,Prairie provinces,Gross output,thousands,,x
2010,Prairie provinces,Total operating revenue,thousands,,x
2010,Prairie provinces,Sales of aqua products and services,thousands,,x
2010,Prairie provinces,Gross value added (factor cost),thousands,,x
2010,Prairie provinces,Salaries and wages,thousands,,x
2010,British Columbia,Gross output,thousands,548724,
2010,British Columbia,Total operating revenue,thousands,533689,
2010,British Columbia,Sales of aqua products and services,thousands,531739,
2010,British Columbia,Gross value added (factor cost),thousands,179172,
2010,British Columbia,Salaries and wages,thousands,60010,
2011,Canada,Gross output,thousands,907155,
2011,Canada,Total operating revenue,thousands,846475,
2011,Canada,Sales of aqua products and services,thousands,831995,
2011,Canada,Gross value added (factor cost),thousands,267175,
2011,Canada,Salaries and wages,thousands,106810,
2011,Newfoundland and Labrador,Gross output,thousands,121200,
2011,Newfoundland and Labrador,Total operating revenue,thousands,,x
2011,Newfoundland and Labrador,Sales of aqua products and services,thousands,,x
2011,Newfoundland and Labrador,Gross value added (factor cost),thousands,40280,
2011,Newfoundland and Labrador,Salaries and wages,thousands,8470,
2011,Prince Edward Island,Gross output,thousands,36520,
2011,Prince Edward Island,Total operating revenue,thousands,,x
2011,Prince Edward Island,Sales of aqua products and services,thousands,,x
2011,Prince Edward Island,Gross value added (factor cost),thousands,25770,
2011,Prince Edward Island,Salaries and wages,thousands,6955,
2011,Nova Scotia,Gross output,thousands,40700,
2011,Nova Scotia,Total operating revenue,thousands,43905,
2011,Nova Scotia,Sales of aqua products and services,thousands,41485,
2011,Nova Scotia,Gross value added (factor cost),thousands,11270,
2011,Nova Scotia,Salaries and wages,thousands,5645,
2011,New Brunswick,Gross output,thousands,204070,
2011,New Brunswick,Total operating revenue,thousands,202015,
2011,New Brunswick,Sales of aqua products and services,thousands,195495,
2011,New Brunswick,Gross value added (factor cost),thousands,44305,
2011,New Brunswick,Salaries and wages,thousands,18510,
2011,Quebec,Gross output,thousands,12565,
2011,Quebec,Total operating revenue,thousands,13055,
2011,Quebec,Sales of aqua products and services,thousands,12390,
2011,Quebec,Gross value added (factor cost),thousands,7545,
2011,Quebec,Salaries and wages,thousands,2205,
2011,Ontario,Gross output,thousands,18675,
2011,Ontario,Total operating revenue,thousands,17885,
2011,Ontario,Sales of aqua products and services,thousands,17250,
2011,Ontario,Gross value added (factor cost),thousands,8085,
2011,Ontario,Salaries and wages,thousands,2170,
2011,Prairie provinces,Gross output,thousands,,x
2011,Prairie provinces,Total operating revenue,thousands,,x
2011,Prairie provinces,Sales of aqua products and services,thousands,,x
2011,Prairie provinces,Gross value added (factor cost),thousands,,x
2011,Prairie provinces,Salaries and wages,thousands,,x
2011,British Columbia,Gross output,thousands,473425,
2011,British Columbia,Total operating revenue,thousands,475615,
2011,British Columbia,Sales of aqua products and services,thousands,472190,
2011,British Columbia,Gross value added (factor cost),thousands,129920,
2011,British Columbia,Salaries and wages,thousands,62855,
2012,Canada,Gross output,thousands,858754,
2012,Canada,Total operating revenue,thousands,852024,
2012,Canada,Sales of aqua products and services,thousands,838239,
2012,Canada,Gross value added (factor cost),thousands,191854,
2012,Canada,Salaries and wages,thousands,105580,
2012,Newfoundland and Labrador,Gross output,thousands,117775,
2012,Newfoundland and Labrador,Total operating revenue,thousands,94365,
2012,Newfoundland and Labrador,Sales of aqua products and services,thousands,94090,
2012,Newfoundland and Labrador,Gross value added (factor cost),thousands,14740,
2012,Newfoundland and Labrador,Salaries and wages,thousands,10390,
2012,Prince Edward Island,Gross output,thousands,43354,
2012,Prince Edward Island,Total operating revenue,thousands,41844,
2012,Prince Edward Island,Sales of aqua products and services,thousands,41639,
2012,Prince Edward Island,Gross value added (factor cost),thousands,32354,
2012,Prince Edward Island,Salaries and wages,thousands,7595,
2012,Nova Scotia,Gross output,thousands,45990,
2012,Nova Scotia,Total operating revenue,thousands,46290,
2012,Nova Scotia,Sales of aqua products and services,thousands,44035,
2012,Nova Scotia,Gross value added (factor cost),thousands,15065,
2012,Nova Scotia,Salaries and wages,thousands,5430,
2012,New Brunswick,Gross output,thousands,197500,
2012,New Brunswick,Total operating revenue,thousands,195175,
2012,New Brunswick,Sales of aqua products and services,thousands,190700,
2012,New Brunswick,Gross value added (factor cost),thousands,39715,
2012,New Brunswick,Salaries and wages,thousands,16735,
2012,Quebec,Gross output,thousands,12465,
2012,Quebec,Total operating revenue,thousands,12040,
2012,Quebec,Sales of aqua products and services,thousands,11825,
2012,Quebec,Gross value added (factor cost),thousands,7250,
2012,Quebec,Salaries and wages,thousands,2160,
2012,Ontario,Gross output,thousands,18820,
2012,Ontario,Total operating revenue,thousands,19380,
2012,Ontario,Sales of aqua products and services,thousands,18580,
2012,Ontario,Gross value added (factor cost),thousands,7235,
2012,Ontario,Salaries and wages,thousands,2755,
2012,Prairie provinces,Gross output,thousands,,x
2012,Prairie provinces,Total operating revenue,thousands,,x
2012,Prairie provinces,Sales of aqua products and services,thousands,,x
2012,Prairie provinces,Gross value added (factor cost),thousands,,x
2012,Prairie provinces,Salaries and wages,thousands,,x
2012,British Columbia,Gross output,thousands,422850,
2012,British Columbia,Total operating revenue,thousands,442930,
2012,British Columbia,Sales of aqua products and services,thousands,437370,
2012,British Columbia,Gross value added (factor cost),thousands,75495,
2012,British Columbia,Salaries and wages,thousands,60515,
2013,Canada,Gross output,thousands,918210,
2013,Canada,Total operating revenue,thousands,918045,
2013,Canada,Sales of aqua products and services,thousands,866305,
2013,Canada,Gross value added (factor cost),thousands,321730,
2013,Canada,Salaries and wages,thousands,104415,
2013,Newfoundland and Labrador,Gross output,thousands,107395,
2013,Newfoundland and Labrador,Total operating revenue,thousands,,x
2013,Newfoundland and Labrador,Sales of aqua products and services,thousands,118610,
2013,Newfoundland and Labrador,Gross value added (factor cost),thousands,11115,
2013,Newfoundland and Labrador,Salaries and wages,thousands,11450,
2013,Prince Edward Island,Gross output,thousands,41955,
2013,Prince Edward Island,Total operating revenue,thousands,41300,
2013,Prince Edward Island,Sales of aqua products and services,thousands,40615,
2013,Prince Edward Island,Gross value added (factor cost),thousands,26995,
2013,Prince Edward Island,Salaries and wages,thousands,8370,
2013,Nova Scotia,Gross output,thousands,64170,
2013,Nova Scotia,Total operating revenue,thousands,57885,
2013,Nova Scotia,Sales of aqua products and services,thousands,54610,
2013,Nova Scotia,Gross value added (factor cost),thousands,26420,
2013,Nova Scotia,Salaries and wages,thousands,5350,
2013,New Brunswick,Gross output,thousands,155160,
2013,New Brunswick,Total operating revenue,thousands,,x
2013,New Brunswick,Sales of aqua products and services,thousands,123010,
2013,New Brunswick,Gross value added (factor cost),thousands,31240,
2013,New Brunswick,Salaries and wages,thousands,14970,
2013,Quebec,Gross output,thousands,13545,
2013,Quebec,Total operating revenue,thousands,13785,
2013,Quebec,Sales of aqua products and services,thousands,12385,
2013,Quebec,Gross value added (factor cost),thousands,6910,
2013,Quebec,Salaries and wages,thousands,2080,
2013,Ontario,Gross output,thousands,20840,
2013,Ontario,Total operating revenue,thousands,19885,
2013,Ontario,Sales of aqua products and services,thousands,19315,
2013,Ontario,Gross value added (factor cost),thousands,8490,
2013,Ontario,Salaries and wages,thousands,2900,
2013,Prairie provinces,Gross output,thousands,,x
2013,Prairie provinces,Total operating revenue,thousands,,x
2013,Prairie provinces,Sales of aqua products and services,thousands,,x
2013,Prairie provinces,Gross value added (factor cost),thousands,,x
2013,Prairie provinces,Salaries and wages,thousands,,x
2013,British Columbia,Gross output,thousands,515145,
2013,British Columbia,Total operating revenue,thousands,501210,
2013,British Columbia,Sales of aqua products and services,thousands,497760,
2013,British Columbia,Gross value added (factor cost),thousands,210560,
2013,British Columbia,Salaries and wages,thousands,59295,
2014,Canada,Gross output,thousands,945825,
2014,Canada,Total operating revenue,thousands,801470,
2014,Canada,Sales of aqua products and services,thousands,779795,
2014,Canada,Gross value added (factor cost),thousands,279475,
2014,Canada,Salaries and wages,thousands,106620,
2014,Newfoundland and Labrador,Gross output,thousands,102670,
2014,Newfoundland and Labrador,Total operating revenue,thousands,,x
2014,Newfoundland and Labrador,Sales of aqua products and services,thousands,58450,
2014,Newfoundland and Labrador,Gross value added (factor cost),thousands,,x
2014,Newfoundland and Labrador,Salaries and wages,thousands,10260,
2014,Prince Edward Island,Gross output,thousands,48570,
2014,Prince Edward Island,Total operating revenue,thousands,46505,
2014,Prince Edward Island,Sales of aqua products and services,thousands,45855,
2014,Prince Edward Island,Gross value added (factor cost),thousands,31080,
2014,Prince Edward Island,Salaries and wages,thousands,8235,
2014,Nova Scotia,Gross output,thousands,74430,
2014,Nova Scotia,Total operating revenue,thousands,,x
2014,Nova Scotia,Sales of aqua products and services,thousands,60455,
2014,Nova Scotia,Gross value added (factor cost),thousands,,x
2014,Nova Scotia,Salaries and wages,thousands,5235,
2014,New Brunswick,Gross output,thousands,168275,
2014,New Brunswick,Total operating revenue,thousands,144405,
2014,New Brunswick,Sales of aqua products and services,thousands,138725,
2014,New Brunswick,Gross value added (factor cost),thousands,35650,
2014,New Brunswick,Salaries and wages,thousands,15385,
2014,Quebec,Gross output,thousands,12305,
2014,Quebec,Total operating revenue,thousands,12290,
2014,Quebec,Sales of aqua products and services,thousands,11285,
2014,Quebec,Gross value added (factor cost),thousands,5670,
2014,Quebec,Salaries and wages,thousands,2215,
2014,Ontario,Gross output,thousands,21350,
2014,Ontario,Total operating revenue,thousands,22505,
2014,Ontario,Sales of aqua products and services,thousands,22085,
2014,Ontario,Gross value added (factor cost),thousands,2110,
2014,Ontario,Salaries and wages,thousands,3485,
2014,Prairie provinces,Gross output,thousands,,x
2014,Prairie provinces,Total operating revenue,thousands,,x
2014,Prairie provinces,Sales of aqua products and services,thousands,,x
2014,Prairie provinces,Gross value added (factor cost),thousands,,x
2014,Prairie provinces,Salaries and wages,thousands,,x
2014,British Columbia,Gross output,thousands,518225,
2014,British Columbia,Total operating revenue,thousands,445940,
2014,British Columbia,Sales of aqua products and services,thousands,442940,
2014,British Columbia,Gross value added (factor cost),thousands,170770,
2014,British Columbia,Salaries and wages,thousands,61805,
2015,Canada,Gross output,thousands,1020800,
2015,Canada,Total operating revenue,thousands,972225,
2015,Canada,Sales of aqua products and services,thousands,928520,
2015,Canada,Gross value added (factor cost),thousands,176945,
2015,Canada,Salaries and wages,thousands,110400,
2015,Newfoundland and Labrador,Gross output,thousands,142435,
2015,Newfoundland and Labrador,Total operating revenue,thousands,,x
2015,Newfoundland and Labrador,Sales of aqua products and services,thousands,110715,
2015,Newfoundland and Labrador,Gross value added (factor cost),thousands,17210,
2015,Newfoundland and Labrador,Salaries and wages,thousands,10480,
2015,Prince Edward Island,Gross output,thousands,45865,
2015,Prince Edward Island,Total operating revenue,thousands,,x
2015,Prince Edward Island,Sales of aqua products and services,thousands,43740,
2015,Prince Edward Island,Gross value added (factor cost),thousands,,x
2015,Prince Edward Island,Salaries and wages,thousands,8530,
2015,Nova Scotia,Gross output,thousands,70680,
2015,Nova Scotia,Total operating revenue,thousands,80635,
2015,Nova Scotia,Sales of aqua products and services,thousands,58505,
2015,Nova Scotia,Gross value added (factor cost),thousands,,x
2015,Nova Scotia,Salaries and wages,thousands,5585,
2015,New Brunswick,Gross output,thousands,182995,
2015,New Brunswick,Total operating revenue,thousands,,x
2015,New Brunswick,Sales of aqua products and services,thousands,168600,
2015,New Brunswick,Gross value added (factor cost),thousands,,x
2015,New Brunswick,Salaries and wages,thousands,15720,
2015,Quebec,Gross output,thousands,11660,
2015,Quebec,Total operating revenue,thousands,11380,
2015,Quebec,Sales of aqua products and services,thousands,10210,
2015,Quebec,Gross value added (factor cost),thousands,3955,
2015,Quebec,Salaries and wages,thousands,2275,
2015,Ontario,Gross output,thousands,28540,
2015,Ontario,Total operating revenue,thousands,,x
2015,Ontario,Sales of aqua products and services,thousands,25770,
2015,Ontario,Gross value added (factor cost),thousands,,x
2015,Ontario,Salaries and wages,thousands,3955,
2015,Prairie provinces,Gross output,thousands,,x
2015,Prairie provinces,Total operating revenue,thousands,,x
2015,Prairie provinces,Sales of aqua products and services,thousands,,x
2015,Prairie provinces,Gross value added (factor cost),thousands,,x
2015,Prairie provinces,Salaries and wages,thousands,,x
2015,British Columbia,Gross output,thousands,538625,
2015,British Columbia,Total operating revenue,thousands,519915,
2015,British Columbia,Sales of aqua products and services,thousands,510980,
2015,British Columbia,Gross value added (factor cost),thousands,,x
2015,British Columbia,Salaries and wages,thousands,63855,
2016,Canada,Gross output,thousands,1425280,
2016,Canada,Total operating revenue,thousands,1400495,
2016,Canada,Sales of aqua products and services,thousands,1360445,
2016,Canada,Gross value added (factor cost),thousands,598605,
2016,Canada,Salaries and wages,thousands,115530,
2016,Newfoundland and Labrador,Gross output,thousands,179990,
2016,Newfoundland and Labrador,Total operating revenue,thousands,,x
2016,Newfoundland and Labrador,Sales of aqua products and services,thousands,167540,
2016,Newfoundland and Labrador,Gross value added (factor cost),thousands,,x
2016,Newfoundland and Labrador,Salaries and wages,thousands,10425,
2016,Prince Edward Island,Gross output,thousands,50770,
2016,Prince Edward Island,Total operating revenue,thousands,50480,
2016,Prince Edward Island,Sales of aqua products and services,thousands,49995,
2016,Prince Edward Island,Gross value added (factor cost),thousands,24010,
2016,Prince Edward Island,Salaries and wages,thousands,9095,
2016,Nova Scotia,Gross output,thousands,,x
2016,Nova Scotia,Total operating revenue,thousands,69135,
2016,Nova Scotia,Sales of aqua products and services,thousands,,x
2016,Nova Scotia,Gross value added (factor cost),thousands,,x
2016,Nova Scotia,Salaries and wages,thousands,5590,
2016,New Brunswick,Gross output,thousands,,x
2016,New Brunswick,Total operating revenue,thousands,,x
2016,New Brunswick,Sales of aqua products and services,thousands,,x
2016,New Brunswick,Gross value added (factor cost),thousands,,x
2016,New Brunswick,Salaries and wages,thousands,16235,
2016,Quebec,Gross output,thousands,12980,
2016,Quebec,Total operating revenue,thousands,12925,
2016,Quebec,Sales of aqua products and services,thousands,11415,
2016,Quebec,Gross value added (factor cost),thousands,4485,
2016,Quebec,Salaries and wages,thousands,2630,
2016,Ontario,Gross output,thousands,33335,
2016,Ontario,Total operating revenue,thousands,33530,
2016,Ontario,Sales of aqua products and services,thousands,32910,
2016,Ontario,Gross value added (factor cost),thousands,11390,
2016,Ontario,Salaries and wages,thousands,4005,
2016,Prairie provinces,Gross output,thousands,,x
2016,Prairie provinces,Total operating revenue,thousands,,x
2016,Prairie provinces,Sales of aqua products and services,thousands,,x
2016,Prairie provinces,Gross value added (factor cost),thousands,,x
2016,Prairie provinces,Salaries and wages,thousands,,x
2016,British Columbia,Gross output,thousands,801830,
2016,British Columbia,Total operating revenue,thousands,798985,
2016,British Columbia,Sales of aqua products and services,thousands,785720,
2016,British Columbia,Gross value added (factor cost),thousands,,x
2016,British Columbia,Salaries and wages,thousands,67550,
2017,Canada,Gross output,thousands,1477640,
2017,Canada,Total operating revenue,thousands,1415585,
2017,Canada,Sales of aqua products and services,thousands,1400395,
2017,Canada,Gross value added (factor cost),thousands,563700,
2017,Canada,Salaries and wages,thousands,122065,
2017,Newfoundland and Labrador,Gross output,thousands,159395,
2017,Newfoundland and Labrador,Total operating revenue,thousands,163315,
2017,Newfoundland and Labrador,Sales of aqua products and services,thousands,,x
2017,Newfoundland and Labrador,Gross value added (factor cost),thousands,,x
2017,Newfoundland and Labrador,Salaries and wages,thousands,10745,
2017,Prince Edward Island,Gross output,thousands,53915,
2017,Prince Edward Island,Total operating revenue,thousands,52830,
2017,Prince Edward Island,Sales of aqua products and services,thousands,,x
2017,Prince Edward Island,Gross value added (factor cost),thousands,26015,
2017,Prince Edward Island,Salaries and wages,thousands,9640,
2017,Nova Scotia,Gross output,thousands,113995,
2017,Nova Scotia,Total operating revenue,thousands,120975,
2017,Nova Scotia,Sales of aqua products and services,thousands,119095,
2017,Nova Scotia,Gross value added (factor cost),thousands,55685,
2017,Nova Scotia,Salaries and wages,thousands,5775,
2017,New Brunswick,Gross output,thousands,264750,
2017,New Brunswick,Total operating revenue,thousands,247140,
2017,New Brunswick,Sales of aqua products and services,thousands,244245,
2017,New Brunswick,Gross value added (factor cost),thousands,,x
2017,New Brunswick,Salaries and wages,thousands,18380,
2017,Quebec,Gross output,thousands,13350,
2017,Quebec,Total operating revenue,thousands,13945,
2017,Quebec,Sales of aqua products and services,thousands,12400,
2017,Quebec,Gross value added (factor cost),thousands,4550,
2017,Quebec,Salaries and wages,thousands,2830,
2017,Ontario,Gross output,thousands,36880,
2017,Ontario,Total operating revenue,thousands,34805,
2017,Ontario,Sales of aqua products and services,thousands,34190,
2017,Ontario,Gross value added (factor cost),thousands,8850,
2017,Ontario,Salaries and wages,thousands,3965,
2017,Prairie provinces,Gross output,thousands,,x
2017,Prairie provinces,Total operating revenue,thousands,,x
2017,Prairie provinces,Sales of aqua products and services,thousands,,x
2017,Prairie provinces,Gross value added (factor cost),thousands,,x
2017,Prairie provinces,Salaries and wages,thousands,,x
2017,British Columbia,Gross output,thousands,835355,
2017,British Columbia,Total operating revenue,thousands,782575,
2017,British Columbia,Sales of aqua products and services,thousands,775780,
2017,British Columbia,Gross value added (factor cost),thousands,338015,
2017,British Columbia,Salaries and wages,thousands,70730,
2018,Canada,Gross output,thousands,1504405,
2018,Canada,Total operating revenue,thousands,1498890,
2018,Canada,Sales of aqua products and services,thousands,1461900,
2018,Canada,Gross value added (factor cost),thousands,485430,
2018,Canada,Salaries and wages,thousands,123825,
2018,Newfoundland and Labrador,Gross output,thousands,126250,
2018,Newfoundland and Labrador,Total operating revenue,thousands,139960,
2018,Newfoundland and Labrador,Sales of aqua products and services,thousands,139180,
2018,Newfoundland and Labrador,Gross value added (factor cost),thousands,5690,
2018,Newfoundland and Labrador,Salaries and wages,thousands,10235,
2018,Prince Edward Island,Gross output,thousands,60805,
2018,Prince Edward Island,Total operating revenue,thousands,59485,
2018,Prince Edward Island,Sales of aqua products and services,thousands,59050,
2018,Prince Edward Island,Gross value added (factor cost),thousands,28765,
2018,Prince Edward Island,Salaries and wages,thousands,9835,
2018,Nova Scotia,Gross output,thousands,103400,
2018,Nova Scotia,Total operating revenue,thousands,91800,
2018,Nova Scotia,Sales of aqua products and services,thousands,91010,
2018,Nova Scotia,Gross value added (factor cost),thousands,28595,
2018,Nova Scotia,Salaries and wages,thousands,6145,
2018,New Brunswick,Gross output,thousands,276725,
2018,New Brunswick,Total operating revenue,thousands,302790,
2018,New Brunswick,Sales of aqua products and services,thousands,,x
2018,New Brunswick,Gross value added (factor cost),thousands,97545,
2018,New Brunswick,Salaries and wages,thousands,19670,
2018,Quebec,Gross output,thousands,15050,
2018,Quebec,Total operating revenue,thousands,14985,
2018,Quebec,Sales of aqua products and services,thousands,,x
2018,Quebec,Gross value added (factor cost),thousands,5410,
2018,Quebec,Salaries and wages,thousands,2745,
2018,Ontario,Gross output,thousands,39095,
2018,Ontario,Total operating revenue,thousands,37665,
2018,Ontario,Sales of aqua products and services,thousands,32715,
2018,Ontario,Gross value added (factor cost),thousands,6170,
2018,Ontario,Salaries and wages,thousands,4105,
2018,Prairie provinces,Gross output,thousands,,x
2018,Prairie provinces,Total operating revenue,thousands,,x
2018,Prairie provinces,Sales of aqua products and services,thousands,,x
2018,Prairie provinces,Gross value added (factor cost),thousands,,x
2018,Prairie provinces,Salaries and wages,thousands,,x
2018,British Columbia,Gross output,thousands,883080,
2018,British Columbia,Total operating revenue,thousands,852205,
2018,British Columbia,Sales of aqua products and services,thousands,830030,
2018,British Columbia,Gross value added (factor cost),thousands,313255,
2018,British Columbia,Salaries and wages,thousands,71090,
2019,Canada,Gross output,thousands,1332382,
2019,Canada,Total operating revenue,thousands,1335970,
2019,Canada,Sales of aqua products and services,thousands,1273683,
2019,Canada,Gross value added (factor cost),thousands,305335,
2019,Canada,Salaries and wages,thousands,138607,
2019,Newfoundland and Labrador,Gross output,thousands,95029,
2019,Newfoundland and Labrador,Total operating revenue,thousands,137041,
2019,Newfoundland and Labrador,Sales of aqua products and services,thousands,,x
2019,Newfoundland and Labrador,Gross value added (factor cost),thousands,-41729,
2019,Newfoundland and Labrador,Salaries and wages,thousands,13695,
2019,Prince Edward Island,Gross output,thousands,89154,
2019,Prince Edward Island,Total operating revenue,thousands,89273,
2019,Prince Edward Island,Sales of aqua products and services,thousands,69052,
2019,Prince Edward Island,Gross value added (factor cost),thousands,50951,
2019,Prince Edward Island,Salaries and wages,thousands,10681,
2019,Nova Scotia,Gross output,thousands,96065,
2019,Nova Scotia,Total operating revenue,thousands,86600,
2019,Nova Scotia,Sales of aqua products and services,thousands,85872,
2019,Nova Scotia,Gross value added (factor cost),thousands,29068,
2019,Nova Scotia,Salaries and wages,thousands,7495,
2019,New Brunswick,Gross output,thousands,240566,
2019,New Brunswick,Total operating revenue,thousands,222338,
2019,New Brunswick,Sales of aqua products and services,thousands,214390,
2019,New Brunswick,Gross value added (factor cost),thousands,77099,
2019,New Brunswick,Salaries and wages,thousands,22946,
2019,Quebec,Gross output,thousands,16573,
2019,Quebec,Total operating revenue,thousands,16332,
2019,Quebec,Sales of aqua products and services,thousands,14896,
2019,Quebec,Gross value added (factor cost),thousands,6927,
2019,Quebec,Salaries and wages,thousands,2992,
2019,Ontario,Gross output,thousands,38691,
2019,Ontario,Total operating revenue,thousands,39265,
2019,Ontario,Sales of aqua products and services,thousands,,x
2019,Ontario,Gross value added (factor cost),thousands,2424,
2019,Ontario,Salaries and wages,thousands,4944,
2019,Prairie provinces,Gross output,thousands,,x
2019,Prairie provinces,Total operating revenue,thousands,,x
2019,Prairie provinces,Sales of aqua products and services,thousands,,x
2019,Prairie provinces,Gross value added (factor cost),thousands,,x
2019,Prairie provinces,Salaries and wages,thousands,,x
2019,British Columbia,Gross output,thousands,756304,
2019,British Columbia,Total operating revenue,thousands,745121,
2019,British Columbia,Sales of aqua products and services,thousands,726695,
2019,British Columbia,Gross value added (factor cost),thousands,180595,
2019,British Columbia,Salaries and wages,thousands,75853,
2020,Canada,Gross output,thousands,1115053,
2020,Canada,Total operating revenue,thousands,1112600,
2020,Canada,Sales of aqua products and services,thousands,1059140,
2020,Canada,Gross value added (factor cost),thousands,147301,
2020,Canada,Salaries and wages,thousands,140583,
2020,Newfoundland and Labrador,Gross output,thousands,93879,
2020,Newfoundland and Labrador,Total operating revenue,thousands,60471,
2020,Newfoundland and Labrador,Sales of aqua products and services,thousands,57785,E
2020,Newfoundland and Labrador,Gross value added (factor cost),thousands,3219,
2020,Newfoundland and Labrador,Salaries and wages,thousands,12125,
2020,Prince Edward Island,Gross output,thousands,37514,
2020,Prince Edward Island,Total operating revenue,thousands,36940,
2020,Prince Edward Island,Sales of aqua products and services,thousands,32335,
2020,Prince Edward Island,Gross value added (factor cost),thousands,17195,E
2020,Prince Edward Island,Salaries and wages,thousands,10704,
2020,Nova Scotia,Gross output,thousands,84588,
2020,Nova Scotia,Total operating revenue,thousands,95141,
2020,Nova Scotia,Sales of aqua products and services,thousands,94402,
2020,Nova Scotia,Gross value added (factor cost),thousands,1828,
2020,Nova Scotia,Salaries and wages,thousands,7720,
2020,New Brunswick,Gross output,thousands,158868,
2020,New Brunswick,Total operating revenue,thousands,161351,
2020,New Brunswick,Sales of aqua products and services,thousands,147327,E
2020,New Brunswick,Gross value added (factor cost),thousands,-40275,
2020,New Brunswick,Salaries and wages,thousands,24323,
2020,Quebec,Gross output,thousands,16108,
2020,Quebec,Total operating revenue,thousands,16016,
2020,Quebec,Sales of aqua products and services,thousands,14061,
2020,Quebec,Gross value added (factor cost),thousands,6145,E
2020,Quebec,Salaries and wages,thousands,3067,
2020,Ontario,Gross output,thousands,33595,
2020,Ontario,Total operating revenue,thousands,34529,
2020,Ontario,Sales of aqua products and services,thousands,34145,
2020,Ontario,Gross value added (factor cost),thousands,1652,E
2020,Ontario,Salaries and wages,thousands,4895,
2020,Prairie provinces,Gross output,thousands,,x
2020,Prairie provinces,Total operating revenue,thousands,,x
2020,Prairie provinces,Sales of aqua products and services,thousands,,x
2020,Prairie provinces,Gross value added (factor cost),thousands,,x
2020,Prairie provinces,Salaries and wages,thousands,,x
2020,British Columbia,Gross output,thousands,690501,
2020,British Columbia,Total operating revenue,thousands,708151,
2020,British Columbia,Sales of aqua products and services,thousands,679085,E
2020,British Columbia,Gross value added (factor cost),thousands,157537,E
2020,British Columbia,Salaries and wages,thousands,77749,
2021,Canada,Gross output,thousands,1314052,
2021,Canada,Total operating revenue,thousands,1414089,
2021,Canada,Sales of aqua products and services,thousands,1359506,
2021,Canada,Gross value added (factor cost),thousands,238564,
2021,Canada,Salaries and wages,thousands,145856,
2021,Newfoundland and Labrador,Gross output,thousands,117919,
2021,Newfoundland and Labrador,Total operating revenue,thousands,156076,
2021,Newfoundland and Labrador,Sales of aqua products and services,thousands,,x
2021,Newfoundland and Labrador,Gross value added (factor cost),thousands,-17789,
2021,Newfoundland and Labrador,Salaries and wages,thousands,12973,
2021,Prince Edward Island,Gross output,thousands,54616,
2021,Prince Edward Island,Total operating revenue,thousands,58105,
2021,Prince Edward Island,Sales of aqua products and services,thousands,50721,
2021,Prince Edward Island,Gross value added (factor cost),thousands,22140,E
2021,Prince Edward Island,Salaries and wages,thousands,10597,
2021,Nova Scotia,Gross output,thousands,109039,
2021,Nova Scotia,Total operating revenue,thousands,85745,
2021,Nova Scotia,Sales of aqua products and services,thousands,84295,
2021,Nova Scotia,Gross value added (factor cost),thousands,13582,
2021,Nova Scotia,Salaries and wages,thousands,7565,
2021,New Brunswick,Gross output,thousands,195664,
2021,New Brunswick,Total operating revenue,thousands,281055,
2021,New Brunswick,Sales of aqua products and services,thousands,267464,
2021,New Brunswick,Gross value added (factor cost),thousands,5356,E
2021,New Brunswick,Salaries and wages,thousands,24079,
2021,Quebec,Gross output,thousands,16676,
2021,Quebec,Total operating revenue,thousands,16784,
2021,Quebec,Sales of aqua products and services,thousands,15106,E
2021,Quebec,Gross value added (factor cost),thousands,5151,
2021,Quebec,Salaries and wages,thousands,3527,
2021,Ontario,Gross output,thousands,35049,
2021,Ontario,Total operating revenue,thousands,39876,
2021,Ontario,Sales of aqua products and services,thousands,,x
2021,Ontario,Gross value added (factor cost),thousands,7434,E
2021,Ontario,Salaries and wages,thousands,4699,
2021,Prairie provinces,Gross output,thousands,,x
2021,Prairie provinces,Total operating revenue,thousands,,x
2021,Prairie provinces,Sales of aqua products and services,thousands,,x
2021,Prairie provinces,Gross value added (factor cost),thousands,,x
2021,Prairie provinces,Salaries and wages,thousands,,x
2021,British Columbia,Gross output,thousands,785089,
2021,British Columbia,Total operating revenue,thousands,776448,
2021,British Columbia,Sales of aqua products and services,thousands,758592,
2021,British Columbia,Gross value added (factor cost),thousands,202691,E
2021,British Columbia,Salaries and wages,thousands,82414,
2022,Canada,Gross output,thousands,1477695,
2022,Canada,Total operating revenue,thousands,1402202,
2022,Canada,Sales of aqua products and services,thousands,1366954,
2022,Canada,Gross value added (factor cost),thousands,255989,
2022,Canada,Salaries and wages,thousands,153858,
2022,Newfoundland and Labrador,Gross output,thousands,129370,
2022,Newfoundland and Labrador,Total operating revenue,thousands,72939,
2022,Newfoundland and Labrador,Sales of aqua products and services,thousands,,x
2022,Newfoundland and Labrador,Gross value added (factor cost),thousands,6347,
2022,Newfoundland and Labrador,Salaries and wages,thousands,13103,
2022,Prince Edward Island,Gross output,thousands,58177,
2022,Prince Edward Island,Total operating revenue,thousands,58022,
2022,Prince Edward Island,Sales of aqua products and services,thousands,51582,
2022,Prince Edward Island,Gross value added (factor cost),thousands,17731,E
2022,Prince Edward Island,Salaries and wages,thousands,12505,
2022,Nova Scotia,Gross output,thousands,155797,
2022,Nova Scotia,Total operating revenue,thousands,161461,
2022,Nova Scotia,Sales of aqua products and services,thousands,159446,
2022,Nova Scotia,Gross value added (factor cost),thousands,55108,
2022,Nova Scotia,Salaries and wages,thousands,7641,
2022,New Brunswick,Gross output,thousands,216067,
2022,New Brunswick,Total operating revenue,thousands,107773,
2022,New Brunswick,Sales of aqua products and services,thousands,103281,E
2022,New Brunswick,Gross value added (factor cost),thousands,-35677,
2022,New Brunswick,Salaries and wages,thousands,27932,
2022,Quebec,Gross output,thousands,15425,
2022,Quebec,Total operating revenue,thousands,17281,
2022,Quebec,Sales of aqua products and services,thousands,13880,E
2022,Quebec,Gross value added (factor cost),thousands,4388,E
2022,Quebec,Salaries and wages,thousands,3774,
2022,Ontario,Gross output,thousands,32012,
2022,Ontario,Total operating revenue,thousands,26473,
2022,Ontario,Sales of aqua products and services,thousands,,x
2022,Ontario,Gross value added (factor cost),thousands,7183,E
2022,Ontario,Salaries and wages,thousands,4840,
2022,Prairie provinces,Gross output,thousands,,x
2022,Prairie provinces,Total operating revenue,thousands,,x
2022,Prairie provinces,Sales of aqua products and services,thousands,,x
2022,Prairie provinces,Gross value added (factor cost),thousands,,x
2022,Prairie provinces,Salaries and wages,thousands,,x
2022,British Columbia,Gross output,thousands,870847,
2022,British Columbia,Total operating revenue,thousands,958252,
2022,British Columbia,Sales of aqua products and services,thousands,940862,
2022,British Columbia,Gross value added (factor cost),thousands,200909,
2022,British Columbia,Salaries and wages,thousands,84063,
2023,Canada,Gross output,thousands,1481674,
2023,Canada,Total operating revenue,thousands,1346637,
2023,Canada,Sales of aqua products and services,thousands,1302745,
2023,Canada,Gross value added (factor cost),thousands,298169,
2023,Canada,Salaries and wages,thousands,153893,
2023,Newfoundland and Labrador,Gross output,thousands,243983,
2023,Newfoundland and Labrador,Total operating revenue,thousands,186759,
2023,Newfoundland and Labrador,Sales of aqua products and services,thousands,,x
2023,Newfoundland and Labrador,Gross value added (factor cost),thousands,67170,
2023,Newfoundland and Labrador,Salaries and wages,thousands,13234,
2023,Prince Edward Island,Gross output,thousands,53762,
2023,Prince Edward Island,Total operating revenue,thousands,56111,
2023,Prince Edward Island,Sales of aqua products and services,thousands,53423,
2023,Prince Edward Island,Gross value added (factor cost),thousands,6626,
2023,Prince Edward Island,Salaries and wages,thousands,16256,
2023,Nova Scotia,Gross output,thousands,127359,
2023,Nova Scotia,Total operating revenue,thousands,122255,
2023,Nova Scotia,Sales of aqua products and services,thousands,121793,
2023,Nova Scotia,Gross value added (factor cost),thousands,14942,
2023,Nova Scotia,Salaries and wages,thousands,7717,
2023,New Brunswick,Gross output,thousands,327554,
2023,New Brunswick,Total operating revenue,thousands,291097,
2023,New Brunswick,Sales of aqua products and services,thousands,287776,
2023,New Brunswick,Gross value added (factor cost),thousands,99152,
2023,New Brunswick,Salaries and wages,thousands,34915,
2023,Quebec,Gross output,thousands,17689,
2023,Quebec,Total operating revenue,thousands,15692,
2023,Quebec,Sales of aqua products and services,thousands,14211,E
2023,Quebec,Gross value added (factor cost),thousands,6600,E
2023,Quebec,Salaries and wages,thousands,3699,
2023,Ontario,Gross output,thousands,42507,
2023,Ontario,Total operating revenue,thousands,38054,
2023,Ontario,Sales of aqua products and services,thousands,,x
2023,Ontario,Gross value added (factor cost),thousands,-97,E
2023,Ontario,Salaries and wages,thousands,4937,
2023,Prairie provinces,Gross output,thousands,,x
2023,Prairie provinces,Total operating revenue,thousands,,x
2023,Prairie provinces,Sales of aqua products and services,thousands,,x
2023,Prairie provinces,Gross value added (factor cost),thousands,,x
2023,Prairie provinces,Salaries and wages,thousands,,x
2023,British Columbia,Gross output,thousands,668819,
2023,British Columbia,Total operating revenue,thousands,636668,
2023,British Columbia,Sales of aqua products and services,thousands,602981,
2023,British Columbia,Gross value added (factor cost),thousands,103776,
2023,British Columbia,Salaries and wages,thousands,73134,
2024,Canada,Gross output,thousands,1508417,
2024,Canada,Total operating revenue,thousands,1489666,
2024,Canada,Sales of aqua products and services,thousands,1418305,
2024,Canada,Gross value added (factor cost),thousands,236247,
2024,Canada,Salaries and wages,thousands,152168,
2024,Newfoundland and Labrador,Gross output,thousands,281258,
2024,Newfoundland and Labrador,Total operating revenue,thousands,263904,
2024,Newfoundland and Labrador,Sales of aqua products and services,thousands,,x
2024,Newfoundland and Labrador,Gross value added (factor cost),thousands,18000,
2024,Newfoundland and Labrador,Salaries and wages,thousands,12440,
2024,Prince Edward Island,Gross output,thousands,76280,
2024,Prince Edward Island,Total operating revenue,thousands,70241,
2024,Prince Edward Island,Sales of aqua products and services,thousands,54901,
2024,Prince Edward Island,Gross value added (factor cost),thousands,40347,E
2024,Prince Edward Island,Salaries and wages,thousands,17394,
2024,Nova Scotia,Gross output,thousands,115693,
2024,Nova Scotia,Total operating revenue,thousands,117923,
2024,Nova Scotia,Sales of aqua products and services,thousands,115708,
2024,Nova Scotia,Gross value added (factor cost),thousands,20269,
2024,Nova Scotia,Salaries and wages,thousands,7640,
2024,New Brunswick,Gross output,thousands,354474,
2024,New Brunswick,Total operating revenue,thousands,325684,
2024,New Brunswick,Sales of aqua products and services,thousands,319979,
2024,New Brunswick,Gross value added (factor cost),thousands,121777,E
2024,New Brunswick,Salaries and wages,thousands,33519,
2024,Quebec,Gross output,thousands,15076,
2024,Quebec,Total operating revenue,thousands,16895,
2024,Quebec,Sales of aqua products and services,thousands,14957,E
2024,Quebec,Gross value added (factor cost),thousands,5641,E
2024,Quebec,Salaries and wages,thousands,3884,
2024,Ontario,Gross output,thousands,38947,
2024,Ontario,Total operating revenue,thousands,38685,
2024,Ontario,Sales of aqua products and services,thousands,,x
2024,Ontario,Gross value added (factor cost),thousands,8614,
2024,Ontario,Salaries and wages,thousands,4888,
2024,Prairie provinces,Gross output,thousands,,x
2024,Prairie provinces,Total operating revenue,thousands,,x
2024,Prairie provinces,Sales of aqua products and services,thousands,,x
2024,Prairie provinces,Gross value added (factor cost),thousands,,x
2024,Prairie provinces,Salaries and wages,thousands,,x
2024,British Columbia,Gross output,thousands,626689,
2024,British Columbia,Total operating revenue,thousands,656334,
2024,British Columbia,Sales of aqua products and services,thousands,612965,
2024,British Columbia,Gross value added (factor cost),thousands,21600,
2024,British Columbia,Salaries and wages,thousands,72403,
